Date,Open,High,Low,Close,Volume,Dividends,Stock Splits,Capital Gains,Symbol
2025-03-10 00:00:00-04:00,13.0,13.0,13.0,13.0,100139,0.0,0.0,,ZJZZT
2025-01-31 00:00:00-05:00,25.5,28.87,25.5,26.5,4476300,0.0,0.0,,MTSR
2025-02-03 00:00:00-05:00,26.5,30.02,25.06,27.8,920500,0.0,0.0,,MTSR
2025-02-04 00:00:00-05:00,28.16,28.76,27.02,28.01,608400,0.0,0.0,,MTSR
2025-02-05 00:00:00-05:00,27.73,29.26,27.73,29.25,857300,0.0,0.0,,MTSR
2025-02-06 00:00:00-05:00,29.25,30.0,28.09,29.53,2260000,0.0,0.0,,MTSR
2025-02-07 00:00:00-05:00,28.89,30.26,28.77,29.5,383800,0.0,0.0,,MTSR
2025-02-10 00:00:00-05:00,29.6,31.64,29.0,30.08,166900,0.0,0.0,,MTSR
2025-02-11 00:00:00-05:00,29.77,31.16,29.66,30.76,167000,0.0,0.0,,MTSR
2025-02-12 00:00:00-05:00,30.96,31.78,30.8,31.65,267600,0.0,0.0,,MTSR
2025-02-13 00:00:00-05:00,32.01,32.05,29.2,30.03,460400,0.0,0.0,,MTSR
2025-02-14 00:00:00-05:00,30.32,31.0,29.94,30.58,294300,0.0,0.0,,MTSR
2025-02-18 00:00:00-05:00,30.61,32.33,30.61,32.08,319300,0.0,0.0,,MTSR
2025-02-19 00:00:00-05:00,32.58,32.81,31.36,31.91,414400,0.0,0.0,,MTSR
2025-02-20 00:00:00-05:00,32.05,32.35,31.21,31.64,362900,0.0,0.0,,MTSR
2025-02-21 00:00:00-05:00,31.66,32.01,31.13,31.65,151500,0.0,0.0,,MTSR
2025-02-24 00:00:00-05:00,31.64,31.8,29.14,29.81,779200,0.0,0.0,,MTSR
2025-02-25 00:00:00-05:00,30.39,31.17,27.0,27.33,909600,0.0,0.0,,MTSR
2025-02-26 00:00:00-05:00,27.7,28.78,26.86,27.21,756000,0.0,0.0,,MTSR
2025-02-27 00:00:00-05:00,27.08,27.49,24.7,25.01,980400,0.0,0.0,,MTSR
2025-02-28 00:00:00-05:00,24.83,25.51,24.19,24.78,632300,0.0,0.0,,MTSR
2025-03-03 00:00:00-05:00,24.78,29.07,24.78,28.5,719200,0.0,0.0,,MTSR
2025-03-04 00:00:00-05:00,28.45,28.8,27.1,27.49,580700,0.0,0.0,,MTSR
2025-03-05 00:00:00-05:00,27.25,28.87,26.42,26.42,256600,0.0,0.0,,MTSR
2025-03-06 00:00:00-05:00,26.0,27.3,25.34,26.92,374200,0.0,0.0,,MTSR
2025-03-07 00:00:00-05:00,26.99,27.29,24.86,25.47,495500,0.0,0.0,,MTSR
2025-03-10 00:00:00-04:00,25.47,25.77,24.66,25.03,454500,0.0,0.0,,MTSR
2025-01-28 00:00:00-05:00,21.05,21.2,19.1,19.75,12165200,0.0,0.0,,SFD
2025-01-29 00:00:00-05:00,19.75,20.69,19.68,20.49,3094300,0.0,0.0,,SFD
2025-01-30 00:00:00-05:00,20.75,21.82,20.52,21.79,3250200,0.0,0.0,,SFD
2025-01-31 00:00:00-05:00,22.0,22.03,21.05,21.5,1881200,0.0,0.0,,SFD
2025-02-03 00:00:00-05:00,21.64,22.01,20.85,21.82,1818000,0.0,0.0,,SFD
2025-02-04 00:00:00-05:00,21.76,21.82,21.2,21.48,723300,0.0,0.0,,SFD
2025-02-05 00:00:00-05:00,21.5,21.55,20.67,21.13,892000,0.0,0.0,,SFD
2025-02-06 00:00:00-05:00,20.69,20.98,20.1,20.7,1317600,0.0,0.0,,SFD
2025-02-07 00:00:00-05:00,20.7,21.25,20.6,21.12,559500,0.0,0.0,,SFD
2025-02-10 00:00:00-05:00,21.33,21.5,21.1,21.26,442800,0.0,0.0,,SFD
2025-02-11 00:00:00-05:00,21.02,21.31,20.63,21.26,594500,0.0,0.0,,SFD
2025-02-12 00:00:00-05:00,20.87,21.51,20.81,21.5,361600,0.0,0.0,,SFD
2025-02-13 00:00:00-05:00,21.55,21.55,21.13,21.18,309400,0.0,0.0,,SFD
2025-02-14 00:00:00-05:00,21.06,21.4,20.85,21.23,219700,0.0,0.0,,SFD
2025-02-18 00:00:00-05:00,21.25,21.55,21.18,21.44,359200,0.0,0.0,,SFD
2025-02-19 00:00:00-05:00,21.4,21.53,21.2,21.47,516400,0.0,0.0,,SFD
2025-02-20 00:00:00-05:00,21.62,21.73,21.0,21.3,475700,0.0,0.0,,SFD
2025-02-21 00:00:00-05:00,21.1,21.35,20.74,21.1,331600,0.0,0.0,,SFD
2025-02-24 00:00:00-05:00,21.39,21.7,21.12,21.34,792300,0.0,0.0,,SFD
2025-02-25 00:00:00-05:00,21.26,21.68,20.9,21.6,487500,0.0,0.0,,SFD
2025-02-26 00:00:00-05:00,21.73,21.77,20.31,20.6,1351500,0.0,0.0,,SFD
2025-02-27 00:00:00-05:00,20.72,21.5,20.38,21.01,577900,0.0,0.0,,SFD
2025-02-28 00:00:00-05:00,21.21,21.37,20.79,20.84,782500,0.0,0.0,,SFD
2025-03-03 00:00:00-05:00,20.62,21.13,20.4,20.87,495000,0.0,0.0,,SFD
2025-03-04 00:00:00-05:00,20.61,20.69,19.72,19.77,1009100,0.0,0.0,,SFD
2025-03-05 00:00:00-05:00,19.75,20.41,19.52,20.33,596400,0.0,0.0,,SFD
2025-03-06 00:00:00-05:00,20.33,20.44,19.65,19.77,456900,0.0,0.0,,SFD
2025-03-07 00:00:00-05:00,19.76,21.05,19.24,19.3,812900,0.0,0.0,,SFD
2025-03-10 00:00:00-04:00,19.42,19.91,18.43,18.61,822700,0.0,0.0,,SFD
2025-01-24 00:00:00-05:00,17.25,18.0,16.5,17.38,2217300,0.0,0.0,,AAPG
2025-01-27 00:00:00-05:00,17.39,17.5,17.0,17.25,315800,0.0,0.0,,AAPG
2025-01-28 00:00:00-05:00,17.37,17.38,17.02,17.2,39800,0.0,0.0,,AAPG
2025-01-29 00:00:00-05:00,17.39,17.45,17.19,17.33,121000,0.0,0.0,,AAPG
2025-01-30 00:00:00-05:00,17.45,17.86,17.28,17.6,228900,0.0,0.0,,AAPG
2025-01-31 00:00:00-05:00,17.97,17.97,17.43,17.68,63300,0.0,0.0,,AAPG
2025-02-03 00:00:00-05:00,17.8,18.2,17.8,18.2,324200,0.0,0.0,,AAPG
2025-02-04 00:00:00-05:00,18.61,18.95,18.4,18.88,387600,0.0,0.0,,AAPG
2025-02-05 00:00:00-05:00,18.92,18.92,17.85,18.05,66100,0.0,0.0,,AAPG
2025-02-06 00:00:00-05:00,18.82,18.93,18.52,18.8,252900,0.0,0.0,,AAPG
2025-02-07 00:00:00-05:00,19.37,19.37,18.48,18.67,320200,0.0,0.0,,AAPG
2025-02-10 00:00:00-05:00,18.7,18.99,18.51,18.9,109300,0.0,0.0,,AAPG
2025-02-11 00:00:00-05:00,18.7,18.7,18.16,18.23,21900,0.0,0.0,,AAPG
2025-02-12 00:00:00-05:00,18.01,18.01,17.58,17.85,54400,0.0,0.0,,AAPG
2025-02-13 00:00:00-05:00,17.51,17.51,17.09,17.26,34800,0.0,0.0,,AAPG
2025-02-14 00:00:00-05:00,18.54,18.93,17.9,18.24,213500,0.0,0.0,,AAPG
2025-02-18 00:00:00-05:00,18.55,18.8,18.35,18.51,86200,0.0,0.0,,AAPG
2025-02-19 00:00:00-05:00,18.75,19.37,18.62,19.37,69200,0.0,0.0,,AAPG
2025-02-20 00:00:00-05:00,19.39,19.88,19.37,19.67,50400,0.0,0.0,,AAPG
2025-02-21 00:00:00-05:00,20.8,21.4,20.49,21.17,167400,0.0,0.0,,AAPG
2025-02-24 00:00:00-05:00,21.09,21.09,19.26,19.61,138400,0.0,0.0,,AAPG
2025-02-25 00:00:00-05:00,19.85,20.64,19.62,20.16,88400,0.0,0.0,,AAPG
2025-02-26 00:00:00-05:00,20.78,20.9,20.22,20.67,57300,0.0,0.0,,AAPG
2025-02-27 00:00:00-05:00,20.24,20.35,19.75,19.8,22600,0.0,0.0,,AAPG
2025-02-28 00:00:00-05:00,18.45,19.11,18.45,19.03,43900,0.0,0.0,,AAPG
2025-03-03 00:00:00-05:00,19.5,19.58,18.5,18.67,22200,0.0,0.0,,AAPG
2025-03-04 00:00:00-05:00,18.4,19.39,18.3,19.38,35600,0.0,0.0,,AAPG
2025-03-05 00:00:00-05:00,19.68,19.79,19.13,19.47,26500,0.0,0.0,,AAPG
2025-03-06 00:00:00-05:00,19.75,19.75,19.01,19.44,18500,0.0,0.0,,AAPG
2025-03-07 00:00:00-05:00,19.53,19.93,19.5,19.93,17700,0.0,0.0,,AAPG
2025-03-10 00:00:00-04:00,19.57,19.57,18.49,18.6,27100,0.0,0.0,,AAPG
2025-02-20 00:00:00-05:00,8.3,8.74,7.85,8.59,290800,0.0,0.0,,SKBL
2025-02-21 00:00:00-05:00,8.72,8.87,8.2,8.78,188900,0.0,0.0,,SKBL
2025-02-24 00:00:00-05:00,8.88,9.15,8.2,9.0,1623100,0.0,0.0,,SKBL
2025-02-25 00:00:00-05:00,8.9,9.25,8.69,9.24,554600,0.0,0.0,,SKBL
2025-02-26 00:00:00-05:00,9.2,9.3,8.5,9.18,1928600,0.0,0.0,,SKBL
2025-02-27 00:00:00-05:00,9.0,9.23,8.54,8.73,1039600,0.0,0.0,,SKBL
2025-02-28 00:00:00-05:00,9.25,9.75,9.17,9.59,2299300,0.0,0.0,,SKBL
2025-03-03 00:00:00-05:00,9.5,10.41,9.3,9.98,2429000,0.0,0.0,,SKBL
2025-03-04 00:00:00-05:00,10.2,10.5,9.8,9.97,3261100,0.0,0.0,,SKBL
2025-03-05 00:00:00-05:00,10.0,10.68,9.94,10.39,1680400,0.0,0.0,,SKBL
2025-03-06 00:00:00-05:00,10.3,11.01,9.82,10.76,3746400,0.0,0.0,,SKBL
2025-03-07 00:00:00-05:00,10.43,11.06,8.67,8.67,698400,0.0,0.0,,SKBL
2025-03-10 00:00:00-04:00,9.56,10.93,9.25,10.85,398700,0.0,0.0,,SKBL
2025-01-22 00:00:00-05:00,4.0,4.44,4.0,4.33,2359800,0.0,0.0,,MCTR
2025-01-23 00:00:00-05:00,5.09,12.0,4.43,6.79,8871700,0.0,0.0,,MCTR
2025-01-24 00:00:00-05:00,5.4,6.0,4.88,5.3,415900,0.0,0.0,,MCTR
2025-01-27 00:00:00-05:00,4.74,5.0,4.28,4.41,136600,0.0,0.0,,MCTR
2025-01-28 00:00:00-05:00,4.84,5.12,4.21,5.0,38300,0.0,0.0,,MCTR
2025-01-29 00:00:00-05:00,5.32,5.9,4.8,5.37,171600,0.0,0.0,,MCTR
2025-01-30 00:00:00-05:00,5.69,6.15,4.78,5.41,436300,0.0,0.0,,MCTR
2025-01-31 00:00:00-05:00,5.4,5.6,5.01,5.2,99800,0.0,0.0,,MCTR
2025-02-03 00:00:00-05:00,5.0,5.58,4.85,4.86,32600,0.0,0.0,,MCTR
2025-02-04 00:00:00-05:00,4.77,5.2,4.61,4.61,98500,0.0,0.0,,MCTR
2025-02-05 00:00:00-05:00,4.6,4.69,4.32,4.4,64500,0.0,0.0,,MCTR
2025-02-06 00:00:00-05:00,4.24,4.64,4.2,4.25,143500,0.0,0.0,,MCTR
2025-02-07 00:00:00-05:00,4.18,4.35,3.81,4.0,76500,0.0,0.0,,MCTR
2025-02-10 00:00:00-05:00,3.8,4.4,3.76,4.24,45100,0.0,0.0,,MCTR
2025-02-11 00:00:00-05:00,4.49,4.55,4.26,4.41,18400,0.0,0.0,,MCTR
2025-02-12 00:00:00-05:00,4.32,4.53,4.31,4.41,14600,0.0,0.0,,MCTR
2025-02-13 00:00:00-05:00,4.52,4.8,4.44,4.62,56300,0.0,0.0,,MCTR
2025-02-14 00:00:00-05:00,4.67,4.75,4.42,4.54,9300,0.0,0.0,,MCTR
2025-02-18 00:00:00-05:00,4.43,4.65,4.36,4.53,20400,0.0,0.0,,MCTR
2025-02-19 00:00:00-05:00,4.5,4.8,4.45,4.8,18800,0.0,0.0,,MCTR
2025-02-20 00:00:00-05:00,4.61,5.08,4.61,4.85,18100,0.0,0.0,,MCTR
2025-02-21 00:00:00-05:00,5.09,5.24,4.92,5.14,11800,0.0,0.0,,MCTR
2025-02-24 00:00:00-05:00,4.96,5.96,4.91,5.74,30800,0.0,0.0,,MCTR
2025-02-25 00:00:00-05:00,5.47,6.0,5.12,5.67,112000,0.0,0.0,,MCTR
2025-02-26 00:00:00-05:00,5.46,7.4,5.46,6.54,152100,0.0,0.0,,MCTR
2025-02-27 00:00:00-05:00,6.49,6.49,4.6,4.9,172400,0.0,0.0,,MCTR
2025-02-28 00:00:00-05:00,4.62,5.9,4.62,5.55,62000,0.0,0.0,,MCTR
2025-03-03 00:00:00-05:00,5.41,6.05,4.99,4.99,77800,0.0,0.0,,MCTR
2025-03-04 00:00:00-05:00,5.1,5.44,5.06,5.32,56500,0.0,0.0,,MCTR
2025-03-05 00:00:00-05:00,5.31,5.8,5.25,5.77,91300,0.0,0.0,,MCTR
2025-03-06 00:00:00-05:00,5.21,5.93,4.25,4.37,241500,0.0,0.0,,MCTR
2025-03-07 00:00:00-05:00,4.75,5.05,4.48,4.8,26100,0.0,0.0,,MCTR
2025-03-10 00:00:00-04:00,4.99,5.8,4.81,5.75,254500,0.0,0.0,,MCTR
2025-01-10 00:00:00-05:00,4.4,4.71,3.83,4.11,1558600,0.0,0.0,,MIMI
2025-01-13 00:00:00-05:00,4.4,4.9,4.18,4.36,685100,0.0,0.0,,MIMI
2025-01-14 00:00:00-05:00,4.4,4.8,4.1,4.39,189300,0.0,0.0,,MIMI
2025-01-15 00:00:00-05:00,4.42,4.65,4.24,4.39,137300,0.0,0.0,,MIMI
2025-01-16 00:00:00-05:00,4.46,4.55,4.28,4.43,96800,0.0,0.0,,MIMI
2025-01-17 00:00:00-05:00,4.58,4.8,4.39,4.63,21700,0.0,0.0,,MIMI
2025-01-21 00:00:00-05:00,4.88,4.88,4.5,4.54,256400,0.0,0.0,,MIMI
2025-01-22 00:00:00-05:00,4.56,4.7,4.45,4.56,74000,0.0,0.0,,MIMI
2025-01-23 00:00:00-05:00,4.18,5.6,4.11,5.04,645800,0.0,0.0,,MIMI
2025-01-24 00:00:00-05:00,4.89,5.0,4.71,5.0,53100,0.0,0.0,,MIMI
2025-01-27 00:00:00-05:00,4.95,6.2,4.71,5.86,761400,0.0,0.0,,MIMI
2025-01-28 00:00:00-05:00,5.91,6.84,5.74,6.62,101200,0.0,0.0,,MIMI
2025-01-29 00:00:00-05:00,6.83,6.83,6.01,6.32,101300,0.0,0.0,,MIMI
2025-01-30 00:00:00-05:00,6.3,6.61,5.32,5.56,87600,0.0,0.0,,MIMI
2025-01-31 00:00:00-05:00,5.67,5.97,5.61,5.76,32300,0.0,0.0,,MIMI
2025-02-03 00:00:00-05:00,5.93,6.26,5.61,5.98,77400,0.0,0.0,,MIMI
2025-02-04 00:00:00-05:00,5.96,6.2,5.35,5.59,319700,0.0,0.0,,MIMI
2025-02-05 00:00:00-05:00,5.81,5.91,4.8,5.15,101700,0.0,0.0,,MIMI
2025-02-06 00:00:00-05:00,5.21,5.64,5.21,5.64,14600,0.0,0.0,,MIMI
2025-02-07 00:00:00-05:00,5.11,5.5,5.02,5.46,4800,0.0,0.0,,MIMI
2025-02-10 00:00:00-05:00,5.61,5.61,5.58,5.59,1100,0.0,0.0,,MIMI
2025-02-11 00:00:00-05:00,5.59,5.6,5.32,5.43,12200,0.0,0.0,,MIMI
2025-02-12 00:00:00-05:00,5.43,5.43,4.65,4.92,50900,0.0,0.0,,MIMI
2025-02-13 00:00:00-05:00,4.96,5.46,4.52,4.66,40000,0.0,0.0,,MIMI
2025-02-14 00:00:00-05:00,4.77,4.85,4.52,4.76,13500,0.0,0.0,,MIMI
2025-02-18 00:00:00-05:00,4.87,4.9,4.68,4.9,373700,0.0,0.0,,MIMI
2025-02-19 00:00:00-05:00,4.93,5.3,4.9,5.1,175600,0.0,0.0,,MIMI
2025-02-20 00:00:00-05:00,5.19,5.35,5.13,5.18,11900,0.0,0.0,,MIMI
2025-02-21 00:00:00-05:00,5.33,5.4,5.11,5.21,110300,0.0,0.0,,MIMI
2025-02-24 00:00:00-05:00,5.22,5.6,5.16,5.38,153300,0.0,0.0,,MIMI
2025-02-25 00:00:00-05:00,5.3,5.6,5.2,5.3,49900,0.0,0.0,,MIMI
2025-02-26 00:00:00-05:00,5.3,5.38,5.15,5.3,41100,0.0,0.0,,MIMI
2025-02-27 00:00:00-05:00,5.33,5.33,4.62,5.15,28700,0.0,0.0,,MIMI
2025-02-28 00:00:00-05:00,5.24,5.52,4.75,5.51,87500,0.0,0.0,,MIMI
2025-03-03 00:00:00-05:00,5.57,5.92,5.39,5.41,78800,0.0,0.0,,MIMI
2025-03-04 00:00:00-05:00,5.59,5.59,5.2,5.41,79200,0.0,0.0,,MIMI
2025-03-05 00:00:00-05:00,5.5,5.75,5.34,5.45,252900,0.0,0.0,,MIMI
2025-03-06 00:00:00-05:00,5.6,5.69,5.34,5.46,167900,0.0,0.0,,MIMI
2025-03-07 00:00:00-05:00,5.5,5.64,5.37,5.42,148800,0.0,0.0,,MIMI
2025-03-10 00:00:00-04:00,5.51,5.6,5.38,5.49,129000,0.0,0.0,,MIMI
2025-01-07 00:00:00-05:00,10.04,10.06,10.04,10.05,8408300,0.0,0.0,,CEPO
2025-01-08 00:00:00-05:00,10.06,10.07,10.05,10.05,466200,0.0,0.0,,CEPO
2025-01-10 00:00:00-05:00,10.06,10.07,10.04,10.05,189500,0.0,0.0,,CEPO
2025-01-13 00:00:00-05:00,10.05,10.06,10.04,10.05,119500,0.0,0.0,,CEPO
2025-01-14 00:00:00-05:00,10.05,10.07,10.04,10.06,14000,0.0,0.0,,CEPO
2025-01-15 00:00:00-05:00,10.05,10.05,10.05,10.05,800,0.0,0.0,,CEPO
2025-01-16 00:00:00-05:00,10.05,10.05,10.05,10.05,2900,0.0,0.0,,CEPO
2025-01-17 00:00:00-05:00,10.06,10.07,10.05,10.07,5200,0.0,0.0,,CEPO
2025-01-21 00:00:00-05:00,10.05,10.07,10.05,10.07,1200,0.0,0.0,,CEPO
2025-01-22 00:00:00-05:00,10.06,10.07,10.06,10.07,5600,0.0,0.0,,CEPO
2025-01-23 00:00:00-05:00,10.07,10.07,10.07,10.07,299100,0.0,0.0,,CEPO
2025-01-24 00:00:00-05:00,10.07,10.07,10.07,10.07,0,0.0,0.0,,CEPO
2025-01-27 00:00:00-05:00,10.06,10.07,10.06,10.06,111400,0.0,0.0,,CEPO
2025-01-28 00:00:00-05:00,10.07,10.07,10.06,10.06,800,0.0,0.0,,CEPO
2025-01-29 00:00:00-05:00,10.06,10.06,10.06,10.06,0,0.0,0.0,,CEPO
2025-01-30 00:00:00-05:00,10.05,10.06,10.05,10.05,9200,0.0,0.0,,CEPO
2025-01-31 00:00:00-05:00,10.05,10.05,10.05,10.05,3700,0.0,0.0,,CEPO
2025-02-03 00:00:00-05:00,10.08,10.08,10.06,10.06,10000,0.0,0.0,,CEPO
2025-02-04 00:00:00-05:00,10.06,10.07,10.06,10.06,5400,0.0,0.0,,CEPO
2025-02-05 00:00:00-05:00,10.07,10.1,10.07,10.09,361100,0.0,0.0,,CEPO
2025-02-06 00:00:00-05:00,10.09,10.1,10.07,10.1,142900,0.0,0.0,,CEPO
2025-02-07 00:00:00-05:00,10.09,10.11,10.09,10.11,173500,0.0,0.0,,CEPO
2025-02-10 00:00:00-05:00,10.12,10.14,10.11,10.12,359300,0.0,0.0,,CEPO
2025-02-11 00:00:00-05:00,10.11,10.12,10.11,10.12,47600,0.0,0.0,,CEPO
2025-02-12 00:00:00-05:00,10.15,10.15,10.12,10.14,135400,0.0,0.0,,CEPO
2025-02-13 00:00:00-05:00,10.13,10.14,10.12,10.14,267000,0.0,0.0,,CEPO
2025-02-14 00:00:00-05:00,10.13,10.15,10.12,10.14,38300,0.0,0.0,,CEPO
2025-02-18 00:00:00-05:00,10.14,10.14,10.13,10.13,1300,0.0,0.0,,CEPO
2025-02-19 00:00:00-05:00,10.14,10.14,10.14,10.14,14000,0.0,0.0,,CEPO
2025-02-20 00:00:00-05:00,10.14,10.14,10.11,10.11,5200,0.0,0.0,,CEPO
2025-02-21 00:00:00-05:00,10.14,10.14,10.1,10.1,12000,0.0,0.0,,CEPO
2025-02-24 00:00:00-05:00,10.14,10.14,10.12,10.12,50900,0.0,0.0,,CEPO
2025-02-25 00:00:00-05:00,10.12,10.12,10.09,10.1,116500,0.0,0.0,,CEPO
2025-02-26 00:00:00-05:00,10.11,10.11,10.09,10.1,10300,0.0,0.0,,CEPO
2025-02-27 00:00:00-05:00,10.1,10.1,10.08,10.1,19800,0.0,0.0,,CEPO
2025-02-28 00:00:00-05:00,10.1,10.1,10.1,10.1,0,0.0,0.0,,CEPO
2025-03-03 00:00:00-05:00,10.14,10.14,10.09,10.1,9800,0.0,0.0,,CEPO
2025-03-04 00:00:00-05:00,10.1,10.14,10.1,10.11,6900,0.0,0.0,,CEPO
2025-03-05 00:00:00-05:00,10.14,10.14,10.1,10.1,55700,0.0,0.0,,CEPO
2025-03-06 00:00:00-05:00,10.11,10.11,10.1,10.1,170600,0.0,0.0,,CEPO
2025-03-07 00:00:00-05:00,10.13,10.13,10.09,10.11,148900,0.0,0.0,,CEPO
2025-03-10 00:00:00-04:00,10.12,10.12,10.1,10.1,129800,0.0,0.0,,CEPO
2024-12-23 00:00:00-05:00,5.25,7.12,4.91,5.1,1248400,0.0,0.0,,HIT
2024-12-24 00:00:00-05:00,4.92,5.91,4.82,5.5,323800,0.0,0.0,,HIT
2024-12-26 00:00:00-05:00,5.85,5.85,5.21,5.28,97000,0.0,0.0,,HIT
2024-12-27 00:00:00-05:00,5.36,5.77,5.21,5.46,44600,0.0,0.0,,HIT
2024-12-30 00:00:00-05:00,5.48,5.61,5.3,5.36,53700,0.0,0.0,,HIT
2024-12-31 00:00:00-05:00,5.5,5.54,5.22,5.36,39000,0.0,0.0,,HIT
2025-01-02 00:00:00-05:00,5.49,5.6,4.9,5.22,604400,0.0,0.0,,HIT
2025-01-03 00:00:00-05:00,5.44,5.5,5.16,5.34,566800,0.0,0.0,,HIT
2025-01-06 00:00:00-05:00,5.44,5.65,5.12,5.12,621800,0.0,0.0,,HIT
2025-01-07 00:00:00-05:00,5.16,5.37,4.9,5.18,701300,0.0,0.0,,HIT
2025-01-08 00:00:00-05:00,5.18,5.5,5.12,5.48,837300,0.0,0.0,,HIT
2025-01-10 00:00:00-05:00,5.4,5.8,5.03,5.19,2299400,0.0,0.0,,HIT
2025-01-13 00:00:00-05:00,5.25,5.45,5.05,5.42,372300,0.0,0.0,,HIT
2025-01-14 00:00:00-05:00,5.34,5.65,5.19,5.59,380500,0.0,0.0,,HIT
2025-01-15 00:00:00-05:00,5.61,5.7,5.42,5.7,395900,0.0,0.0,,HIT
2025-01-16 00:00:00-05:00,5.66,5.82,5.53,5.68,575100,0.0,0.0,,HIT
2025-01-17 00:00:00-05:00,5.64,5.79,5.52,5.76,1600300,0.0,0.0,,HIT
2025-01-21 00:00:00-05:00,5.69,6.23,5.62,6.09,1817600,0.0,0.0,,HIT
2025-01-22 00:00:00-05:00,6.1,6.19,5.67,5.74,989300,0.0,0.0,,HIT
2025-01-23 00:00:00-05:00,5.66,5.66,5.02,5.15,316600,0.0,0.0,,HIT
2025-01-24 00:00:00-05:00,5.25,5.71,4.91,5.16,1155800,0.0,0.0,,HIT
2025-01-27 00:00:00-05:00,5.14,5.51,5.07,5.42,913300,0.0,0.0,,HIT
2025-01-28 00:00:00-05:00,5.42,5.61,5.31,5.57,215600,0.0,0.0,,HIT
2025-01-29 00:00:00-05:00,5.56,5.86,5.34,5.82,335000,0.0,0.0,,HIT
2025-01-30 00:00:00-05:00,5.75,6.75,5.61,6.18,1162600,0.0,0.0,,HIT
2025-01-31 00:00:00-05:00,6.05,6.21,5.52,5.52,113700,0.0,0.0,,HIT
2025-02-03 00:00:00-05:00,5.5,5.52,5.21,5.36,1165000,0.0,0.0,,HIT
2025-02-04 00:00:00-05:00,5.26,5.43,4.96,5.12,1550400,0.0,0.0,,HIT
2025-02-05 00:00:00-05:00,5.09,5.45,5.02,5.44,90300,0.0,0.0,,HIT
2025-02-06 00:00:00-05:00,5.55,5.61,5.06,5.31,4796100,0.0,0.0,,HIT
2025-02-07 00:00:00-05:00,5.4,5.6,5.37,5.56,673200,0.0,0.0,,HIT
2025-02-10 00:00:00-05:00,5.5,5.83,5.32,5.81,1390000,0.0,0.0,,HIT
2025-02-11 00:00:00-05:00,5.81,5.99,5.72,5.76,749900,0.0,0.0,,HIT
2025-02-12 00:00:00-05:00,5.74,6.08,5.65,5.97,1694700,0.0,0.0,,HIT
2025-02-13 00:00:00-05:00,5.94,6.03,5.58,5.94,2231600,0.0,0.0,,HIT
2025-02-14 00:00:00-05:00,5.96,6.26,5.9,5.97,2914900,0.0,0.0,,HIT
2025-02-18 00:00:00-05:00,6.01,6.41,6.0,6.37,534100,0.0,0.0,,HIT
2025-02-19 00:00:00-05:00,6.54,6.7,6.39,6.63,433700,0.0,0.0,,HIT
2025-02-20 00:00:00-05:00,6.61,6.8,6.32,6.73,837700,0.0,0.0,,HIT
2025-02-21 00:00:00-05:00,6.69,6.78,6.52,6.62,3184000,0.0,0.0,,HIT
2025-02-24 00:00:00-05:00,6.52,6.75,6.01,6.69,3043100,0.0,0.0,,HIT
2025-02-25 00:00:00-05:00,6.69,6.88,6.6,6.87,1958000,0.0,0.0,,HIT
2025-02-26 00:00:00-05:00,6.93,7.12,6.91,6.95,4308900,0.0,0.0,,HIT
2025-02-27 00:00:00-05:00,7.3,7.3,6.88,6.97,749500,0.0,0.0,,HIT
2025-02-28 00:00:00-05:00,6.89,7.11,6.81,7.05,5533200,0.0,0.0,,HIT
2025-03-03 00:00:00-05:00,6.57,6.82,6.43,6.62,3500900,0.0,0.0,,HIT
2025-03-04 00:00:00-05:00,6.7,7.58,6.46,7.37,2990300,0.0,0.0,,HIT
2025-03-05 00:00:00-05:00,7.37,7.52,7.1,7.4,832400,0.0,0.0,,HIT
2025-03-06 00:00:00-05:00,7.4,7.4,6.98,7.15,1069400,0.0,0.0,,HIT
2025-03-07 00:00:00-05:00,7.16,7.33,7.13,7.15,603600,0.0,0.0,,HIT
2025-03-10 00:00:00-04:00,7.16,7.5,7.13,7.23,857200,0.0,0.0,,HIT
2024-12-27 00:00:00-05:00,4.1,4.46,3.7,4.07,1762100,0.0,0.0,,PHH
2024-12-30 00:00:00-05:00,4.2,5.2,3.92,4.85,417600,0.0,0.0,,PHH
2024-12-31 00:00:00-05:00,4.91,6.9,4.85,6.29,423600,0.0,0.0,,PHH
2025-01-02 00:00:00-05:00,5.88,6.02,4.3,4.6,212400,0.0,0.0,,PHH
2025-01-03 00:00:00-05:00,4.64,4.64,4.2,4.4,170600,0.0,0.0,,PHH
2025-01-06 00:00:00-05:00,4.42,5.34,4.42,4.71,74300,0.0,0.0,,PHH
2025-01-07 00:00:00-05:00,4.97,5.2,4.69,4.99,26000,0.0,0.0,,PHH
2025-01-08 00:00:00-05:00,4.99,5.2,4.6,4.63,38400,0.0,0.0,,PHH
2025-01-10 00:00:00-05:00,4.54,5.2,4.54,4.83,85600,0.0,0.0,,PHH
2025-01-13 00:00:00-05:00,4.93,5.75,4.74,5.75,207000,0.0,0.0,,PHH
2025-01-14 00:00:00-05:00,5.75,6.01,5.5,5.78,83500,0.0,0.0,,PHH
2025-01-15 00:00:00-05:00,5.72,5.84,5.36,5.8,154000,0.0,0.0,,PHH
2025-01-16 00:00:00-05:00,5.96,6.07,5.61,5.85,108700,0.0,0.0,,PHH
2025-01-17 00:00:00-05:00,5.95,6.05,5.65,5.71,38200,0.0,0.0,,PHH
2025-01-21 00:00:00-05:00,5.8,6.0,5.75,5.89,17100,0.0,0.0,,PHH
2025-01-22 00:00:00-05:00,5.74,5.93,5.01,5.25,61300,0.0,0.0,,PHH
2025-01-23 00:00:00-05:00,5.49,5.77,5.38,5.7,14700,0.0,0.0,,PHH
2025-01-24 00:00:00-05:00,5.98,5.98,5.23,5.49,224400,0.0,0.0,,PHH
2025-01-27 00:00:00-05:00,5.51,5.74,5.1,5.35,114500,0.0,0.0,,PHH
2025-01-28 00:00:00-05:00,5.3,5.6,5.3,5.34,47900,0.0,0.0,,PHH
2025-01-29 00:00:00-05:00,5.45,5.7,5.25,5.69,21200,0.0,0.0,,PHH
2025-01-30 00:00:00-05:00,5.75,6.65,5.75,6.11,121100,0.0,0.0,,PHH
2025-01-31 00:00:00-05:00,5.65,6.31,5.41,6.0,115000,0.0,0.0,,PHH
2025-02-03 00:00:00-05:00,5.82,6.32,5.8,6.19,16200,0.0,0.0,,PHH
2025-02-04 00:00:00-05:00,6.19,6.33,5.85,6.18,19000,0.0,0.0,,PHH
2025-02-05 00:00:00-05:00,5.95,6.15,5.03,5.28,51700,0.0,0.0,,PHH
2025-02-06 00:00:00-05:00,5.42,5.74,5.4,5.48,10200,0.0,0.0,,PHH
2025-02-07 00:00:00-05:00,5.32,5.75,5.32,5.6,7500,0.0,0.0,,PHH
2025-02-10 00:00:00-05:00,5.6,5.6,5.21,5.28,14400,0.0,0.0,,PHH
2025-02-11 00:00:00-05:00,5.2,5.36,4.55,5.26,21700,0.0,0.0,,PHH
2025-02-12 00:00:00-05:00,5.27,5.27,5.01,5.12,6600,0.0,0.0,,PHH
2025-02-13 00:00:00-05:00,5.15,5.56,5.13,5.55,8500,0.0,0.0,,PHH
2025-02-14 00:00:00-05:00,5.25,5.56,5.17,5.26,8600,0.0,0.0,,PHH
2025-02-18 00:00:00-05:00,5.25,5.6,4.94,5.6,11600,0.0,0.0,,PHH
2025-02-19 00:00:00-05:00,5.31,5.56,5.2,5.56,8000,0.0,0.0,,PHH
2025-02-20 00:00:00-05:00,5.21,5.46,5.2,5.45,1600,0.0,0.0,,PHH
2025-02-21 00:00:00-05:00,5.22,5.45,5.22,5.44,5800,0.0,0.0,,PHH
2025-02-24 00:00:00-05:00,5.0,5.38,5.0,5.38,1900,0.0,0.0,,PHH
2025-02-25 00:00:00-05:00,5.0,5.36,5.0,5.24,3100,0.0,0.0,,PHH
2025-02-26 00:00:00-05:00,5.0,5.45,5.0,5.45,3100,0.0,0.0,,PHH
2025-02-27 00:00:00-05:00,5.94,5.94,5.19,5.19,2900,0.0,0.0,,PHH
2025-02-28 00:00:00-05:00,5.48,5.48,5.22,5.24,2700,0.0,0.0,,PHH
2025-03-03 00:00:00-05:00,5.19,5.82,5.15,5.82,264600,0.0,0.0,,PHH
2025-03-04 00:00:00-05:00,5.8,7.41,5.74,7.19,315700,0.0,0.0,,PHH
2025-03-05 00:00:00-05:00,7.41,7.81,6.15,6.65,474800,0.0,0.0,,PHH
2025-03-06 00:00:00-05:00,6.75,7.0,6.1,6.9,416700,0.0,0.0,,PHH
2025-03-07 00:00:00-05:00,6.79,7.98,6.43,7.69,402500,0.0,0.0,,PHH
2025-03-10 00:00:00-04:00,7.9,9.17,7.71,8.03,407200,0.0,0.0,,PHH
2024-12-13 00:00:00-05:00,10.0,10.02,10.0,10.0,5562900,0.0,0.0,,MLACU
2024-12-16 00:00:00-05:00,10.01,10.02,10.0,10.0,250800,0.0,0.0,,MLACU
2024-12-17 00:00:00-05:00,10.02,10.05,10.0,10.0,114000,0.0,0.0,,MLACU
2024-12-18 00:00:00-05:00,10.02,10.02,10.01,10.02,319200,0.0,0.0,,MLACU
2024-12-19 00:00:00-05:00,10.05,10.05,10.01,10.01,470200,0.0,0.0,,MLACU
2024-12-20 00:00:00-05:00,10.05,10.05,10.01,10.02,153300,0.0,0.0,,MLACU
2024-12-23 00:00:00-05:00,10.01,10.02,10.01,10.02,101100,0.0,0.0,,MLACU
2024-12-24 00:00:00-05:00,10.05,10.05,10.05,10.05,200,0.0,0.0,,MLACU
2024-12-26 00:00:00-05:00,10.02,10.02,10.02,10.02,5300,0.0,0.0,,MLACU
2024-12-27 00:00:00-05:00,10.02,10.02,10.02,10.02,0,0.0,0.0,,MLACU
2024-12-30 00:00:00-05:00,10.03,10.04,10.0,10.04,3600,0.0,0.0,,MLACU
2024-12-31 00:00:00-05:00,10.0,10.03,10.0,10.03,73000,0.0,0.0,,MLACU
2025-01-02 00:00:00-05:00,10.03,10.03,10.03,10.03,9700,0.0,0.0,,MLACU
2025-01-03 00:00:00-05:00,10.03,10.04,10.02,10.04,54300,0.0,0.0,,MLACU
2025-01-06 00:00:00-05:00,10.02,10.04,10.02,10.04,400,0.0,0.0,,MLACU
2025-01-07 00:00:00-05:00,10.01,10.03,10.01,10.02,5500,0.0,0.0,,MLACU
2025-01-08 00:00:00-05:00,10.02,10.02,10.02,10.02,200,0.0,0.0,,MLACU
2025-01-10 00:00:00-05:00,10.02,10.02,10.02,10.02,0,0.0,0.0,,MLACU
2025-01-13 00:00:00-05:00,10.02,10.02,10.01,10.02,301300,0.0,0.0,,MLACU
2025-01-14 00:00:00-05:00,10.02,10.02,10.02,10.02,1600,0.0,0.0,,MLACU
2025-01-15 00:00:00-05:00,10.02,10.02,10.02,10.02,11500,0.0,0.0,,MLACU
2025-01-16 00:00:00-05:00,10.03,10.03,10.03,10.03,4000,0.0,0.0,,MLACU
2025-01-17 00:00:00-05:00,10.04,10.04,10.04,10.04,5100,0.0,0.0,,MLACU
2025-01-21 00:00:00-05:00,10.04,10.05,10.03,10.03,12300,0.0,0.0,,MLACU
2025-01-22 00:00:00-05:00,10.05,10.05,10.04,10.04,286000,0.0,0.0,,MLACU
2025-01-23 00:00:00-05:00,10.04,10.05,10.04,10.05,51900,0.0,0.0,,MLACU
2025-01-24 00:00:00-05:00,10.04,10.04,10.04,10.04,2800,0.0,0.0,,MLACU
2025-01-27 00:00:00-05:00,10.05,10.05,10.04,10.04,1400,0.0,0.0,,MLACU
2025-01-28 00:00:00-05:00,10.06,10.06,10.04,10.06,71600,0.0,0.0,,MLACU
2025-01-29 00:00:00-05:00,10.04,10.06,10.04,10.06,1600,0.0,0.0,,MLACU
2025-01-30 00:00:00-05:00,10.07,10.14,10.05,10.14,142300,0.0,0.0,,MLACU
2025-01-31 00:00:00-05:00,10.12,10.15,10.12,10.14,92300,0.0,0.0,,MLACU
2025-02-03 00:00:00-05:00,10.15,10.19,10.15,10.19,92200,0.0,0.0,,MLACU
2025-02-04 00:00:00-05:00,10.17,10.17,10.17,10.17,2500,0.0,0.0,,MLACU
2025-02-05 00:00:00-05:00,10.15,10.15,10.15,10.15,100,0.0,0.0,,MLACU
2025-02-06 00:00:00-05:00,10.15,10.15,10.15,10.15,0,0.0,0.0,,MLACU
2025-02-07 00:00:00-05:00,10.15,10.15,10.15,10.15,300,0.0,0.0,,MLACU
2025-02-10 00:00:00-05:00,10.15,10.2,10.15,10.18,800,0.0,0.0,,MLACU
2025-02-11 00:00:00-05:00,10.15,10.2,10.15,10.16,38000,0.0,0.0,,MLACU
2025-02-12 00:00:00-05:00,10.16,10.16,10.16,10.16,0,0.0,0.0,,MLACU
2025-02-13 00:00:00-05:00,10.16,10.18,10.16,10.18,700,0.0,0.0,,MLACU
2025-02-14 00:00:00-05:00,10.18,10.18,10.18,10.18,0,0.0,0.0,,MLACU
2025-02-18 00:00:00-05:00,10.13,10.13,10.13,10.13,100,0.0,0.0,,MLACU
2025-02-19 00:00:00-05:00,10.19,10.19,10.15,10.16,3000,0.0,0.0,,MLACU
2025-02-20 00:00:00-05:00,10.15,10.19,10.15,10.19,900,0.0,0.0,,MLACU
2025-02-21 00:00:00-05:00,10.19,10.19,10.19,10.19,0,0.0,0.0,,MLACU
2025-02-24 00:00:00-05:00,10.19,10.19,10.19,10.19,0,0.0,0.0,,MLACU
2025-02-25 00:00:00-05:00,10.19,10.19,10.19,10.19,0,0.0,0.0,,MLACU
2025-02-26 00:00:00-05:00,10.19,10.19,10.19,10.19,0,0.0,0.0,,MLACU
2025-02-27 00:00:00-05:00,10.17,10.19,10.17,10.19,5300,0.0,0.0,,MLACU
2025-02-28 00:00:00-05:00,10.19,10.19,10.19,10.19,5000,0.0,0.0,,MLACU
2025-03-03 00:00:00-05:00,10.19,10.19,10.19,10.19,400,0.0,0.0,,MLACU
2025-03-04 00:00:00-05:00,10.18,10.19,10.17,10.18,1200,0.0,0.0,,MLACU
2025-03-05 00:00:00-05:00,10.19,10.19,10.17,10.17,1000,0.0,0.0,,MLACU
2025-03-06 00:00:00-05:00,10.18,10.18,10.18,10.18,400,0.0,0.0,,MLACU
2025-03-07 00:00:00-05:00,10.18,10.18,10.18,10.18,0,0.0,0.0,,MLACU
2025-03-10 00:00:00-04:00,10.18,10.18,10.18,10.18,0,0.0,0.0,,MLACU
2024-12-13 00:00:00-05:00,5.25,5.88,4.59,5.0,2387800,0.0,0.0,,NTCL
2024-12-16 00:00:00-05:00,5.1,5.17,4.66,5.07,189000,0.0,0.0,,NTCL
2024-12-17 00:00:00-05:00,5.01,5.25,4.88,5.16,179100,0.0,0.0,,NTCL
2024-12-18 00:00:00-05:00,5.24,5.6,5.0,5.22,85400,0.0,0.0,,NTCL
2024-12-19 00:00:00-05:00,5.47,5.47,5.11,5.45,81100,0.0,0.0,,NTCL
2024-12-20 00:00:00-05:00,5.5,5.5,5.15,5.38,16600,0.0,0.0,,NTCL
2024-12-23 00:00:00-05:00,5.49,5.89,5.11,5.22,79500,0.0,0.0,,NTCL
2024-12-24 00:00:00-05:00,5.29,5.45,5.18,5.35,148100,0.0,0.0,,NTCL
2024-12-26 00:00:00-05:00,5.25,5.45,5.21,5.44,6500,0.0,0.0,,NTCL
2024-12-27 00:00:00-05:00,5.49,5.5,5.38,5.4,5800,0.0,0.0,,NTCL
2024-12-30 00:00:00-05:00,5.47,5.99,5.4,5.77,47700,0.0,0.0,,NTCL
2024-12-31 00:00:00-05:00,5.79,5.9,5.79,5.85,7700,0.0,0.0,,NTCL
2025-01-02 00:00:00-05:00,5.84,6.27,5.73,5.84,76600,0.0,0.0,,NTCL
2025-01-03 00:00:00-05:00,5.8,5.89,5.64,5.8,82000,0.0,0.0,,NTCL
2025-01-06 00:00:00-05:00,5.86,6.06,5.3,5.4,52300,0.0,0.0,,NTCL
2025-01-07 00:00:00-05:00,5.47,5.9,5.4,5.64,17800,0.0,0.0,,NTCL
2025-01-08 00:00:00-05:00,5.45,7.8,5.45,6.69,395800,0.0,0.0,,NTCL
2025-01-10 00:00:00-05:00,7.29,7.95,6.5,7.01,916000,0.0,0.0,,NTCL
2025-01-13 00:00:00-05:00,7.3,7.8,6.75,7.3,547700,0.0,0.0,,NTCL
2025-01-14 00:00:00-05:00,7.5,7.58,7.24,7.4,222900,0.0,0.0,,NTCL
2025-01-15 00:00:00-05:00,7.3,7.9,7.15,7.58,614000,0.0,0.0,,NTCL
2025-01-16 00:00:00-05:00,7.46,7.95,7.44,7.76,426800,0.0,0.0,,NTCL
2025-01-17 00:00:00-05:00,7.74,9.26,7.74,9.19,163000,0.0,0.0,,NTCL
2025-01-21 00:00:00-05:00,9.43,9.82,8.0,8.45,215400,0.0,0.0,,NTCL
2025-01-22 00:00:00-05:00,8.15,8.4,6.6,7.38,147100,0.0,0.0,,NTCL
2025-01-23 00:00:00-05:00,7.29,7.29,6.7,7.18,123400,0.0,0.0,,NTCL
2025-01-24 00:00:00-05:00,7.36,7.94,7.07,7.29,39900,0.0,0.0,,NTCL
2025-01-27 00:00:00-05:00,7.2,7.56,7.16,7.23,18300,0.0,0.0,,NTCL
2025-01-28 00:00:00-05:00,7.22,9.86,6.93,8.41,132800,0.0,0.0,,NTCL
2025-01-29 00:00:00-05:00,8.21,9.03,7.64,8.96,219700,0.0,0.0,,NTCL
2025-01-30 00:00:00-05:00,8.89,9.7,8.03,8.28,62800,0.0,0.0,,NTCL
2025-01-31 00:00:00-05:00,8.51,8.73,7.5,7.76,90200,0.0,0.0,,NTCL
2025-02-03 00:00:00-05:00,7.66,7.9,7.2,7.27,75400,0.0,0.0,,NTCL
2025-02-04 00:00:00-05:00,7.19,8.0,7.05,7.77,139400,0.0,0.0,,NTCL
2025-02-05 00:00:00-05:00,7.82,8.79,7.4,8.72,46000,0.0,0.0,,NTCL
2025-02-06 00:00:00-05:00,8.88,8.88,7.9,8.17,26600,0.0,0.0,,NTCL
2025-02-07 00:00:00-05:00,8.36,8.6,8.03,8.15,57900,0.0,0.0,,NTCL
2025-02-10 00:00:00-05:00,8.31,8.47,8.1,8.47,28800,0.0,0.0,,NTCL
2025-02-11 00:00:00-05:00,8.21,8.53,8.12,8.15,6100,0.0,0.0,,NTCL
2025-02-12 00:00:00-05:00,8.1,8.28,7.98,8.28,11400,0.0,0.0,,NTCL
2025-02-13 00:00:00-05:00,8.23,8.23,7.53,7.8,20300,0.0,0.0,,NTCL
2025-02-14 00:00:00-05:00,7.5,7.89,7.5,7.89,14000,0.0,0.0,,NTCL
2025-02-18 00:00:00-05:00,7.71,7.71,7.01,7.32,25600,0.0,0.0,,NTCL
2025-02-19 00:00:00-05:00,7.68,7.74,7.3,7.32,14300,0.0,0.0,,NTCL
2025-02-20 00:00:00-05:00,7.2,8.12,7.06,7.84,191300,0.0,0.0,,NTCL
2025-02-21 00:00:00-05:00,7.75,8.04,6.19,7.2,144000,0.0,0.0,,NTCL
2025-02-24 00:00:00-05:00,6.85,7.48,6.64,7.05,48800,0.0,0.0,,NTCL
2025-02-25 00:00:00-05:00,7.08,8.28,6.65,7.58,175300,0.0,0.0,,NTCL
2025-02-26 00:00:00-05:00,7.65,7.65,7.3,7.3,15500,0.0,0.0,,NTCL
2025-02-27 00:00:00-05:00,7.34,7.55,6.66,7.1,147800,0.0,0.0,,NTCL
2025-02-28 00:00:00-05:00,7.3,7.5,6.92,7.14,10000,0.0,0.0,,NTCL
2025-03-03 00:00:00-05:00,7.82,7.98,7.2,7.7,117900,0.0,0.0,,NTCL
2025-03-04 00:00:00-05:00,7.76,8.97,7.65,8.04,56800,0.0,0.0,,NTCL
2025-03-05 00:00:00-05:00,7.6,8.21,7.0,7.55,37800,0.0,0.0,,NTCL
2025-03-06 00:00:00-05:00,7.9,8.35,7.77,8.21,22500,0.0,0.0,,NTCL
2025-03-07 00:00:00-05:00,8.42,10.76,8.4,10.27,139900,0.0,0.0,,NTCL
2025-03-10 00:00:00-04:00,10.18,10.64,9.44,10.19,50200,0.0,0.0,,NTCL
2024-12-12 00:00:00-05:00,101.0,105.0,100.05,101.0,5140900,0.0,0.0,,TTAN
2024-12-13 00:00:00-05:00,98.99,102.54,94.02,100.0,1198600,0.0,0.0,,TTAN
2024-12-16 00:00:00-05:00,100.0,108.78,99.05,105.27,513100,0.0,0.0,,TTAN
2024-12-17 00:00:00-05:00,104.8,112.0,104.03,108.25,498000,0.0,0.0,,TTAN
2024-12-18 00:00:00-05:00,111.24,111.3,101.21,106.2,1017800,0.0,0.0,,TTAN
2024-12-19 00:00:00-05:00,107.17,108.77,102.0,106.15,304700,0.0,0.0,,TTAN
2024-12-20 00:00:00-05:00,106.0,108.85,102.64,103.56,373700,0.0,0.0,,TTAN
2024-12-23 00:00:00-05:00,105.0,105.0,99.01,103.39,231300,0.0,0.0,,TTAN
2024-12-24 00:00:00-05:00,102.8,103.56,100.74,102.41,92300,0.0,0.0,,TTAN
2024-12-26 00:00:00-05:00,103.72,106.84,101.08,105.56,132000,0.0,0.0,,TTAN
2024-12-27 00:00:00-05:00,107.33,108.39,102.5,108.39,206700,0.0,0.0,,TTAN
2024-12-30 00:00:00-05:00,107.05,107.67,101.72,103.92,420500,0.0,0.0,,TTAN
2024-12-31 00:00:00-05:00,104.29,105.69,100.84,102.87,347700,0.0,0.0,,TTAN
2025-01-02 00:00:00-05:00,104.5,104.71,99.76,101.5,336500,0.0,0.0,,TTAN
2025-01-03 00:00:00-05:00,102.99,105.98,99.04,105.79,502600,0.0,0.0,,TTAN
2025-01-06 00:00:00-05:00,108.0,108.15,99.36,101.65,546100,0.0,0.0,,TTAN
2025-01-07 00:00:00-05:00,102.76,102.92,100.06,101.0,173000,0.0,0.0,,TTAN
2025-01-08 00:00:00-05:00,100.01,101.76,99.33,99.8,433900,0.0,0.0,,TTAN
2025-01-10 00:00:00-05:00,98.64,102.42,98.45,101.26,338900,0.0,0.0,,TTAN
2025-01-13 00:00:00-05:00,100.33,103.64,99.23,100.12,467500,0.0,0.0,,TTAN
2025-01-14 00:00:00-05:00,98.0,99.04,91.04,96.23,806500,0.0,0.0,,TTAN
2025-01-15 00:00:00-05:00,97.99,102.07,97.76,98.87,344500,0.0,0.0,,TTAN
2025-01-16 00:00:00-05:00,98.5,100.63,98.5,100.37,191700,0.0,0.0,,TTAN
2025-01-17 00:00:00-05:00,100.45,101.32,97.61,98.12,240000,0.0,0.0,,TTAN
2025-01-21 00:00:00-05:00,98.34,99.36,95.27,97.15,206900,0.0,0.0,,TTAN
2025-01-22 00:00:00-05:00,97.88,99.25,93.65,95.16,175900,0.0,0.0,,TTAN
2025-01-23 00:00:00-05:00,95.16,101.14,94.18,100.0,186100,0.0,0.0,,TTAN
2025-01-24 00:00:00-05:00,99.61,101.51,97.52,97.94,124100,0.0,0.0,,TTAN
2025-01-27 00:00:00-05:00,97.26,101.98,97.01,98.61,160000,0.0,0.0,,TTAN
2025-01-28 00:00:00-05:00,98.87,104.88,98.87,102.71,229900,0.0,0.0,,TTAN
2025-01-29 00:00:00-05:00,102.12,102.44,98.01,100.0,165700,0.0,0.0,,TTAN
2025-01-30 00:00:00-05:00,100.1,101.55,100.0,100.34,88200,0.0,0.0,,TTAN
2025-01-31 00:00:00-05:00,100.83,104.28,99.93,102.77,219900,0.0,0.0,,TTAN
2025-02-03 00:00:00-05:00,100.0,104.17,99.0,103.22,126300,0.0,0.0,,TTAN
2025-02-04 00:00:00-05:00,103.91,106.98,103.0,104.01,188600,0.0,0.0,,TTAN
2025-02-05 00:00:00-05:00,104.0,105.13,101.69,103.63,248200,0.0,0.0,,TTAN
2025-02-06 00:00:00-05:00,104.08,104.75,101.52,104.63,144300,0.0,0.0,,TTAN
2025-02-07 00:00:00-05:00,104.98,106.99,102.8,104.33,222600,0.0,0.0,,TTAN
2025-02-10 00:00:00-05:00,104.61,105.93,103.1,103.71,167600,0.0,0.0,,TTAN
2025-02-11 00:00:00-05:00,104.0,105.34,99.4,99.88,191000,0.0,0.0,,TTAN
2025-02-12 00:00:00-05:00,98.4,101.81,98.18,98.34,183100,0.0,0.0,,TTAN
2025-02-13 00:00:00-05:00,98.26,100.59,95.92,98.52,161200,0.0,0.0,,TTAN
2025-02-14 00:00:00-05:00,98.19,101.94,97.56,100.05,135100,0.0,0.0,,TTAN
2025-02-18 00:00:00-05:00,99.23,102.6,99.02,100.76,177700,0.0,0.0,,TTAN
2025-02-19 00:00:00-05:00,100.0,101.29,98.44,98.56,155500,0.0,0.0,,TTAN
2025-02-20 00:00:00-05:00,98.81,99.75,96.47,97.51,168500,0.0,0.0,,TTAN
2025-02-21 00:00:00-05:00,97.79,99.68,94.56,96.76,316100,0.0,0.0,,TTAN
2025-02-24 00:00:00-05:00,98.15,98.35,94.07,96.37,270900,0.0,0.0,,TTAN
2025-02-25 00:00:00-05:00,96.0,96.36,92.04,93.97,364700,0.0,0.0,,TTAN
2025-02-26 00:00:00-05:00,94.0,94.71,92.53,93.49,209700,0.0,0.0,,TTAN
2025-02-27 00:00:00-05:00,94.0,95.31,92.02,92.32,153800,0.0,0.0,,TTAN
2025-02-28 00:00:00-05:00,92.12,95.27,91.09,94.94,174500,0.0,0.0,,TTAN
2025-03-03 00:00:00-05:00,95.62,96.0,92.74,92.88,366000,0.0,0.0,,TTAN
2025-03-04 00:00:00-05:00,91.61,92.48,88.64,89.28,359600,0.0,0.0,,TTAN
2025-03-05 00:00:00-05:00,88.62,92.01,87.6,91.42,238300,0.0,0.0,,TTAN
2025-03-06 00:00:00-05:00,91.85,91.85,86.88,89.15,332300,0.0,0.0,,TTAN
2025-03-07 00:00:00-05:00,88.84,89.87,86.13,88.43,306400,0.0,0.0,,TTAN
2025-03-10 00:00:00-04:00,87.54,90.39,83.74,84.93,439800,0.0,0.0,,TTAN
2024-12-13 00:00:00-05:00,6.0,6.0,5.1,5.6,2207500,0.0,0.0,,AVR
2024-12-16 00:00:00-05:00,5.75,5.85,5.41,5.5,436400,0.0,0.0,,AVR
2024-12-17 00:00:00-05:00,5.64,5.75,5.4,5.66,173900,0.0,0.0,,AVR
2024-12-18 00:00:00-05:00,5.62,5.84,5.55,5.7,177100,0.0,0.0,,AVR
2024-12-19 00:00:00-05:00,5.79,5.9,5.58,5.78,62200,0.0,0.0,,AVR
2024-12-20 00:00:00-05:00,5.7,5.75,5.55,5.58,72000,0.0,0.0,,AVR
2024-12-23 00:00:00-05:00,5.67,5.67,5.46,5.51,45300,0.0,0.0,,AVR
2024-12-24 00:00:00-05:00,5.46,5.74,5.27,5.52,42100,0.0,0.0,,AVR
2024-12-26 00:00:00-05:00,5.5,5.6,5.4,5.49,48600,0.0,0.0,,AVR
2024-12-27 00:00:00-05:00,5.62,5.62,5.4,5.61,234900,0.0,0.0,,AVR
2024-12-30 00:00:00-05:00,5.5,5.59,5.3,5.58,109900,0.0,0.0,,AVR
2024-12-31 00:00:00-05:00,5.58,5.59,5.4,5.58,33700,0.0,0.0,,AVR
2025-01-02 00:00:00-05:00,5.46,5.6,5.25,5.55,65100,0.0,0.0,,AVR
2025-01-03 00:00:00-05:00,5.39,5.59,5.35,5.59,104400,0.0,0.0,,AVR
2025-01-06 00:00:00-05:00,5.53,5.61,5.45,5.61,114600,0.0,0.0,,AVR
2025-01-07 00:00:00-05:00,5.95,5.99,5.73,5.75,422300,0.0,0.0,,AVR
2025-01-08 00:00:00-05:00,5.84,5.93,5.63,5.63,157500,0.0,0.0,,AVR
2025-01-10 00:00:00-05:00,5.9,6.04,5.79,6.0,319200,0.0,0.0,,AVR
2025-01-13 00:00:00-05:00,6.0,6.1,5.6,5.6,82000,0.0,0.0,,AVR
2025-01-14 00:00:00-05:00,5.6,5.79,5.6,5.61,42800,0.0,0.0,,AVR
2025-01-15 00:00:00-05:00,5.64,6.0,5.64,5.87,62200,0.0,0.0,,AVR
2025-01-16 00:00:00-05:00,5.84,6.02,5.8,6.0,918600,0.0,0.0,,AVR
2025-01-17 00:00:00-05:00,5.94,6.0,5.9,5.99,52500,0.0,0.0,,AVR
2025-01-21 00:00:00-05:00,6.0,6.0,5.81,5.88,48000,0.0,0.0,,AVR
2025-01-22 00:00:00-05:00,5.82,6.0,5.82,5.99,67800,0.0,0.0,,AVR
2025-01-23 00:00:00-05:00,6.0,6.02,5.83,5.96,97200,0.0,0.0,,AVR
2025-01-24 00:00:00-05:00,5.99,6.0,5.91,5.99,45300,0.0,0.0,,AVR
2025-01-27 00:00:00-05:00,6.0,6.01,5.94,6.0,64500,0.0,0.0,,AVR
2025-01-28 00:00:00-05:00,6.01,6.01,5.96,6.0,41900,0.0,0.0,,AVR
2025-01-29 00:00:00-05:00,5.98,6.0,5.89,5.95,77500,0.0,0.0,,AVR
2025-01-30 00:00:00-05:00,6.08,6.08,5.92,5.98,78900,0.0,0.0,,AVR
2025-01-31 00:00:00-05:00,5.96,6.29,5.94,6.2,285400,0.0,0.0,,AVR
2025-02-03 00:00:00-05:00,6.2,6.2,6.16,6.2,116300,0.0,0.0,,AVR
2025-02-04 00:00:00-05:00,6.29,6.29,6.12,6.18,44800,0.0,0.0,,AVR
2025-02-05 00:00:00-05:00,6.19,6.24,6.1,6.2,34900,0.0,0.0,,AVR
2025-02-06 00:00:00-05:00,6.21,6.21,6.1,6.19,70800,0.0,0.0,,AVR
2025-02-07 00:00:00-05:00,6.15,6.2,6.07,6.2,54800,0.0,0.0,,AVR
2025-02-10 00:00:00-05:00,6.2,6.77,6.05,6.6,152300,0.0,0.0,,AVR
2025-02-11 00:00:00-05:00,6.84,7.9,6.7,7.65,210500,0.0,0.0,,AVR
2025-02-12 00:00:00-05:00,7.67,8.51,7.5,8.17,192300,0.0,0.0,,AVR
2025-02-13 00:00:00-05:00,8.18,8.32,7.79,7.84,101000,0.0,0.0,,AVR
2025-02-14 00:00:00-05:00,7.66,8.01,7.44,7.99,99900,0.0,0.0,,AVR
2025-02-18 00:00:00-05:00,8.25,8.79,8.25,8.65,173000,0.0,0.0,,AVR
2025-02-19 00:00:00-05:00,8.55,8.55,8.13,8.18,72400,0.0,0.0,,AVR
2025-02-20 00:00:00-05:00,8.18,8.71,7.93,8.27,153400,0.0,0.0,,AVR
2025-02-21 00:00:00-05:00,8.35,8.72,8.18,8.25,127100,0.0,0.0,,AVR
2025-02-24 00:00:00-05:00,8.25,8.27,7.02,7.27,147600,0.0,0.0,,AVR
2025-02-25 00:00:00-05:00,7.19,7.92,7.02,7.17,124100,0.0,0.0,,AVR
2025-02-26 00:00:00-05:00,7.03,8.0,7.0,7.61,112700,0.0,0.0,,AVR
2025-02-27 00:00:00-05:00,7.61,7.94,7.05,7.05,91900,0.0,0.0,,AVR
2025-02-28 00:00:00-05:00,7.05,7.38,6.8,7.0,100100,0.0,0.0,,AVR
2025-03-03 00:00:00-05:00,7.07,7.64,6.88,7.17,62700,0.0,0.0,,AVR
2025-03-04 00:00:00-05:00,7.15,7.58,7.07,7.43,56700,0.0,0.0,,AVR
2025-03-05 00:00:00-05:00,7.43,8.31,7.43,7.98,111600,0.0,0.0,,AVR
2025-03-06 00:00:00-05:00,7.9,8.36,7.84,7.89,188200,0.0,0.0,,AVR
2025-03-07 00:00:00-05:00,7.91,8.08,7.2,7.56,99100,0.0,0.0,,AVR
2025-03-10 00:00:00-04:00,7.48,7.48,6.9,7.06,144300,0.0,0.0,,AVR
